P,a,i,r,w,i,s,e, ,D,i,f,f,e,r,e,n,c,e
-0.08413313310313264
-0.050601578594111296
-0.10663170207549358
0.1645235370703356
0.05119533049820624
-0.023181190806405932
0.030815756763939745
-0.2546671137433269
0.12545517324702
0.2914619436671406
-0.4562309622200389
0.05387473494843609
-0.20375188332429875
0.5679381828581894
-0.34544719411451474
0.09196129766154645
0.024793638556300082
0.07147477166146282
-0.07738938461343861
-0.15612437277072144
0.09907611750043914
-0.019533841330146587
0.2054729126464146
-0.11286076904551615
0.2380967846849936
-0.4487094427149805
0.4595793925417
-0.18251257210926586
-0.3233826423473447
0.3621025697360682
-0.14800310832751137
0.293354469851543
-0.3019902943288188
0.07918878988558176
-0.3141700660924176
0.29124010583425286
0.19574798854019176
0.0008055557265861935
-0.29668697868945254
0.05137076618478206
-0.19031110379036156
0.13995135557988767
0.08582563676075058
0.19656215418114864
-0.2672395092197063
0.16106278596201676
0.16242055624350354
-0.17830827013326164
-0.40498911846988594
0.25933435380447123
0.11284246241862811
-0.03463565425103715
-0.16574687685708167
0.22842099544086344
0.1484290439886544
-0.3758476455209803
0.42102135281204134
-0.4151294420406842
0.056030218672965204
-0.07595346568471387
0.20694461980163223
0.01153346809260819
-0.17324150943184372
0.45679369627944033
-0.29771840902840035
0.27304562795799936
-0.372273031767987
0.33237285288076646
-0.23753178043629217
-0.002451335793824505
-0.02093215148403449
0.03657429199325793
-0.12736544186733056
0.12483274442325093
0.22469933717707524
-0.18394093649587853
-0.1325645435981156
-0.012525400591327923
0.050883168562406836
-0.0601935532677204
0.03744806423866538
0.35799076943364394
-0.0007924515829026424
-0.27059319965672907
0.27916211340248126
-0.2107631126645056
0.08435877189583235
-0.195199500480833
0.10403795171548685
-0.19470675728618345
-0.014749036809156832
0.3886487073402483
-0.006937546654623927
-0.517607899444436
0.14002790536809
0.2606886340365451
-0.10301177215979199
-0.2270981709374068
0.09109531238713481
0.1869237672126946
-0.10035173072476117
0.048689798586285804
0.09092251672758339
-0.0760166238338974
-0.03544713784043668
-0.02581949747551382
-0.07360232334416081
0.1853087149670238
-0.20780431104199695
0.18256219607654803
0.1102852739749739
-0.2710152071824093
0.31570463089857614
-0.028732361414266605
-0.3884326938040167
0.19822619758395563
0.05738238870359699
-0.10317225824955681
0.09675201538926725
-0.009045107075874526
-0.028439538978776602
0.19947308662372393
-0.5052586567256306
0.31340374660693576
-0.02667252508043505
-0.4107768810390001
0.5171837368226696
0.018199940781692348
-0.1650187400973116
0.16837492527879344
0.06641881820051337
-0.1446313670723307
0.12782827647035927
-0.02508766988330835
-0.25439281200276953
0.37276592723709134
-0.47631771665241046
0.2645016585677374
-0.059306837206640456
0.09878314332117505
0.05391892333271581
-0.15895425553821385
-0.26013284467147463
0.11294342970985831
0.39737956619314163
-0.14280688849465645
-0.0575299036695224
-0.036468160955379525
-0.008334667784027888
-0.041459002634829545
-0.06189961782535705
0.41016101953574513
-0.25097910877632795
-0.12495531169412635
-0.2873824530208922
0.317116086476287
-0.0913129102815295
-0.009761894207332616
0.1887452865146948
-0.13985128228791494
-0.021389186482066433
0.11782036702639702
-0.07753159403260526
0.49978338108179154
-0.570364022058888
0.07776150470828071
0.10774790401168785
-0.08480308315649171
0.0699186893487268
0.25488988505589205
-0.335388012774823
0.003775559328273642
0.20159373049681192
-0.046325340653266156
-0.1433344819666869
-0.1008350251366388
0.2172465781461924
0.14358755020106057
-0.1767175113729402
-0.07194308141512554
0.06623013480316356
0.1732133956754354
-0.20424718953168056
0.18261196061731963
-0.2226663696303377
0.04141502609594544
0.14630876796439518
0.1967405167854926
-0.33897604093018774
0.2921846497083753
-0.16563640147934788
0.18987359749411092
-0.3716853015617923
0.26995952656214645
-0.3267725174526633
0.43183875587544435
-0.3114813026998749
0.027738152858400922
-0.17880617669487942
0.22380666232978053
-0.08424602064024192
0.05044331814222308
-0.10864739493740425
0.15463532616789127
0.10354704159756406
-0.33651292496416085
0.294980510923161
-0.2148324556290535
-0.08142332834017639
0.18599106783452912
-0.1588662876742281
-0.09465069453775223
0.23408496099375928
0.3415325993040703
-0.4468320470906725
0.2403513284511296
-0.28212750618928234
0.014461223738674547
0.5479396666492091
-0.31900592709451625
0.10936763411659028
-0.3297240870603177
0.05238901431067289
0.025935979076155108
0.08034421475113454
-0.03561460946511116
0.1174718510904387
-0.09032225374483288
0.1718584699963685
-0.01085638036824943
-0.250833784026809
-0.18853900721056727
0.3886757523296649
-0.08476990495935255
-0.009393178795376156
-0.1621059777188822
0.08188665446242796
0.36535886814022644
0.08134555084090211
-0.4736684223117572
-0.16873817729617663
0.2915923324062667
-0.0234978625960518
-0.016005641763840506
-0.013878181336145823
0.015225199896478886
0.2857454387649806
-0.31026611444690516
0.14307591358695754
-0.09898043907422849
0.12385365219737443
-0.2511735159948187
0.170752151478072
0.06457500060978255
-0.240855798338485
0.5134298423846644
-0.46222869391277854
0.2827779279420929
-0.46752783101251083
0.2962176607578739
-0.24641121605294056
0.3283058054697954
-0.26529993892567805
0.06240212588395333
0.18442431866961267
-0.1388385679355973
-0.019247605580145266
0.16842645173330395
0.1723622559528743
-0.35703263968623256
0.11125570947058888
-0.10308202736899813
0.27562439615153633
-0.36393008096247403
0.44847118201263236
-0.2533023959586019
0.16501535616599483
0.03623405301946636
-0.25495652256201545
0.15994139378968508
-0.088160626685303
-0.16874903644227088
0.2604796861898162
-0.07079517201941504
0.12938656822891426
0.06891799925032421
-0.321902096245894
-0.3131622199641394
0.7122928618712873
-0.18381648414796653
-0.14740027354722968
0.30022491864913314
-0.3316978784064152
0.026444586946566984
0.1020243847136365
-0.028124509406918463
0.09455010283135223
-0.1401708530244175
-0.022140160890350646
0.12110563116131023
0.1292782068860664
-0.1464681240827584
-0.2273941067727199
0.0025523434879415885
-0.04041286741493394
0.2942543887108231
-0.03109671128458491
0.07381739668036585
-0.19419486855693757
0.05978328390415294
-0.2220028740197734
0.3242819269387922
0.1423029695334399
-0.29370458091504126
-0.02711415625850011
0.30726887969064676
-0.4473341775927498
0.169775219848256
0.06609339375656398
-0.2128644388987285
0.05549862601127947
0.21694709548682148
0.1748004081255613
-0.3699839505182714
0.13439743264598053
0.2528730525279385
-0.18012649737683217
-0.1564304930413084
-0.04898154412314826
-0.187746070738721
0.0918284580172499
0.3421689219364215
-0.23076279628530091
0.1328846075953565
-0.12981722364308645
0.2559722530788982
-0.20206993124630485
0.22091567688682084
-0.29568540254965564
0.10772429314759552
-0.01853196848045746
0.14010926373632415
-0.07047406465442285
0.011429650551767145
-0.08013235624840742
-0.07121153149512044
0.287566818405304
-0.11751902576157958
0.1391199131964933
-0.29524653563999653
0.28780186038550465
-0.3103865943996503
0.2370060404520019
-0.16575037888137595
-0.02274288076884623
0.26895325329050823
-0.27539962678060703
0.15489551841516203
0.040402146239620795
-0.22653526716335048
0.23381278498619673
0.036420532679137085
-0.28563302467801654
-0.08242276802079665
0.33032827961138533
-0.2712894093084809
0.4119888923495859
-0.06365564728196427
-0.15619717702597752
-0.03708026617239518
0.10318674609338219
-0.19665192417792354
0.07434627162057461
0.13395107577931387
-0.14784208655791853
-0.005724150302604536
0.21748453535886403
-0.09083781461334556
0.2252154642354594
-0.32583683746873826
0.11940531798211362
0.060030937793026595
0.029530126104972076
-0.2761261240195019
-0.10922639513608698
0.21598873123157628
-0.09396321478645409
0.09451928885271504
-0.09136608419505649
-0.04800476140759943
0.16885963155826286
-0.1448277815975479
0.298362321107266
0.09400196862831744
-0.24613465011929025
0.13288302991912027
-0.27192766307655436
0.30544759125655563
0.05363182612585571
-0.12821817773217709
-0.05277414495117089
0.10057949682678347
-0.08191194053014417
-0.28651279166259613
0.4146312129753722
-0.2564174748836404
0.030384883566380583
0.14524678058805118
0.18883931848011848
-0.1682302978988265
-0.12009390570429168
-0.04971780588921759
0.10677668384511424
-0.22163771933453214
0.2587728745313724
-0.3206015312140341
0.16596263112780946
0.3844852463092275
-0.0540704062393893
-0.005142346714845258
-0.30887762262831187
0.07306055660697974
0.13201325661888752
-0.1980005712288112
-0.15549471906817322
0.2920176307218454
0.11471654673535825
-0.3554192752565359
0.4694547087802396
-0.182473874742903
-0.12089236106058249
0.20358548577565255
-0.39415387309745725
0.08197961760076894
0.06567237477129062
-0.02300240523581132
-0.18953211724956642
0.3054257270862732
0.11766296860007902
-0.012276429548906398
-0.09237866887317864
-0.40165090789775415
0.43348474328599707
-0.04065372432773812
-0.04946415926358383
0.03402641040375648
0.013441450205438188
-0.1271565285422942
0.23371618745682954
-0.08683304398118041
-0.15099059764165046
0.14066319618355144
0.05863299758705781
-0.05272122305412663
-0.010184861180841831
-0.06303074907221662
-0.06511465716214115
0.01505982515442117
0.00015753824460862376
0.11020144517863462
-0.08562904616013944
0.2013580600208954
-0.3379838614434618
0.43244550623465183
-0.33092974452613444
0.13333379891590963
-0.046626332744484855
-0.3717714788091695
0.43445471173365524
0.17628709660223096
-0.11368285847555637
-0.18916277635686407
-0.029932499452775374
0.2298485570450985
-0.320677826272427
0.19960500259113145
-0.2281479420982098
0.04705187493028565
-0.1050022926888041
0.290656341073841
-0.01899134801083896
-0.02208477512321877
0.11010043640573908
0.052036762795819924
-0.12902703800386278
0.03598282857304497
0.037347164363200513
-0.20388651771243665
0.07292608312620064
0.1407307383508341
0.06170338634748196
-0.08323675636235017
-0.1537981065474493
-0.017453322259395276
0.05318733044643992
0.004947292312929341
-0.12324050844186168
0.22769709880820438
0.14891501506327298
0.045396736346091426
-0.38807718855040496
0.08127613935200323
-0.1106951737754624
0.24064725036684553
-0.28536482163895127
0.42825810519790686
-0.13737472564203568
0.01264040569854763
0.08374698543847536
-0.20390959996025154
0.2711871336054274
-0.3794823191481437
0.026494744356104438
0.23011108191718133
-0.13674279560663438
0.04814218789300351
0.09332791770299476
0.24934365270496106
-0.4425905716425813
-0.052264430465373546
0.18472975360589872
-0.12989397140579345
0.31847270475458206
-0.19633617888801103
-0.106379456288413
-0.09665141726543575
0.24626651130406552
0.18837438651909033
-0.22771938114109447
-0.26328018749903914
0.0949049416704627
0.18894922285042703
-0.14864515305283932
0.03891710358014622
0.13992949269723787
0.01669139082661053
0.008173262017800331
-0.03726673972168015
-0.17814671686744776
0.014674743629684406
0.019059344101177822
-0.17799837761175555
0.17267980304315608
0.002859503003609598
0.07537349567425566
-0.15903425441592883
0.44683382627934437
0.014897766412034996
-0.20305601865913692
-0.06267458261966663
-0.09525334124280371
0.18317238621685694
0.023971816574790417
-0.02259448264534014
-0.17477564752020053
-0.1154938463493379
0.12862162728878457
0.3458329988944547
-0.19160211559206597
-0.11539146567045494
-0.009804386512369534
0.2259790439760735
-0.247586611880816
0.043955618547599884
-0.022576470920645075
0.03484531613550945
-0.176174350402728
0.28439295221203964
-0.1823431968079623
0.34863066213360316
-0.4336017863333661
0.23294274123448666
-0.03248417152337235
-0.18955553103684275
0.6135489324906831
-0.1550514386889027
-0.4760948202744786
0.26927649861450853
0.07766209517267741
0.008192671599980161
-0.0875562228353437
-0.00020174443809528597
-0.15086182395534897
0.17439773591169994
0.16038546154651256
-0.48982908208632236
0.2346568004605144
0.05662008474333635
-0.028254610304217942
-0.1508623691656752
0.20033941515476195
-0.07459673707598491
0.03297687683653805
-0.09967234880897202
-0.03796707912273073
0.30789247601730957
-0.2654487875123103
0.1899894814171838
0.02350811067500369
-0.1811044388605385
-0.15929104079085638
0.07708684821124034
0.07662041742287201
-0.047858719367014135
0.10384718614871602
0.02895950210633136
0.1473050945793175
-0.34385142416402525
-0.0721109010903746
0.13957071810953608
0.11026792267815844
0.12919491620252022
-0.1154607175052852
0.17908028637277917
-0.10175235999603327
-0.11243557521934333
0.15644785994140753
-0.43662089303533624
0.5073264595536517
-0.06451170749619095
-0.45491057172659655
0.4296606104637726
-0.21247625734356468
0.052408684329059985
-0.09677982979567634
0.03265575899309564
0.04082104571698314
0.00020179730522840167
0.025344730970509155
0.020726350152193485
0.11591140446640458
-0.16584072941437222
0.009508098841708335
0.32880886954474053
-0.28366794681375873
0.22485516667820404
-0.06985539055323797
-0.1211693862417188
0.10952257585103653
-0.05754167960019918
0.0539891934666199
-0.05166370953051247
-0.1089404920082474
-0.11388821923500492
0.38216124945083674
-0.3096955920503046
0.10441530789728126
-0.16425837903162216
0.30755210009579464
-0.09539109615218211
0.05644525532274791
-0.09913990939480366
0.07157158047120638
-0.162033559924732
0.019540905666421637
-0.03971280675639982
0.21431975767311878
-0.36300360961368117
0.050604595073629244
0.133501401690168
0.12436603150368031
-0.25218355422949446
0.23234299663944236
-0.08055414683226192
0.27648035676743754
-0.2114366678078079
-0.0394923018835841
0.04707344321878171
-0.2139282247256336
0.4432478056773907
-0.35667433614288446
0.09589831705052698
-0.15764647279371558
0.10445056315912549
0.06376048013466873
0.002656981767783839
-0.19889543755100642
-0.02100191729603834
0.14095573827906438
-0.06772331186222852
-0.09205431118702084
0.23011917064237541
0.006749126190715549
-0.0034414881386632956
0.20469072142974765
-0.21476522927344832
0.05250490782404449
0.031313389738877984
-0.1671511510237642
-0.12053781230765848
0.046794470054452864
0.16816077716215677
-0.1062899277026722
0.09374294053116694
-0.11626741508823918
0.39897174293392274
-0.1594924498222785
-0.16218958583843646
0.03507777041955529
-0.38302135474747984
0.6991796246618045
-0.49020245715549426
0.013125171667132118
0.3830698609481804
-0.5144069188500223
0.3572897971427842
0.18943990914388653
-0.21649052993804174
-0.09323494846595826
0.0490742933457009
-0.03798513322966146
0.10026482019551952
0.15144508402261436
-0.3418817323051656
-0.015002859265634938
0.2093307530230799
-0.14066452206802482
0.06273815017562201
-0.14400994592357164
0.2941834054366258
0.05367390857537124
-0.31959516846903774
0.026550084462090895
0.19820079902902132
0.09827507826856297
-0.2535417682939036
0.09030721659274454
-0.19779223848210026
0.2132066375348195
0.2901823451486786
-0.3868998262899188
0.21377728685627773
-0.17838830841557496
-0.04136802979822285
0.15893012090095815
-0.3837205853913124
0.1832553131056185
0.12276511570239457
-0.030670996394075
0.07313161049830363
-0.5039032499838985
0.46348126516412036
0.1444184479248446
-0.19826357287893615
0.14685257150857445
0.04298085376105765
-0.1268501710458101
0.14758252023312646
0.22809509453746812
-0.2461946282030335
-0.20802022577768153
-0.17743121404913786
0.4323319338208126
-0.2809311223297659
0.22203337379967902
-0.2630684578705165
0.16782339789907702
0.11294046253516365
-0.13579330301772963
0.291424901338058
-0.2722360648147816
0.12559751635701433
-0.2837903167742537
0.2577314604596219
-0.0016585109101968643
-0.4270811036574159
0.5924863545329647
-0.5175803407281038
0.5035914185538889
-0.16057978670389594
-0.3045183005144498
0.24343121107688553
0.1068442734959496
-0.08276220522197719
0.04269908549501733
0.05289341303779005
-0.26960347314853506
0.031177041596885946
-0.07153841098144276
-0.0018393537416760974
-0.009336834228851065
0.22877718172354017
-0.04304955885984374
-0.36196887597116534
0.5558197723481878
0.028719945873838304
-0.11344209582521037
-0.3440311548435059
0.22720724673898762
-0.05530963084030138
0.11465453681294147
0.08754716954360708
0.08960516391307671
-0.18629275857618
0.26451885168666556
-0.27224831976785313
-0.05295028387493361
0.0902956998829354
-0.11437350022584625
-0.14297660775891086
0.3570791253059886
0.004820861441597213
-0.10047103752032294
-0.32946768242928737
0.43643532086943515
-0.026508597515753518
-0.15139300345280193
0.18912710662147225
0.09169489973461198
-0.3912509253753731
0.0702990004096763
-0.12998958018237217
0.05748403185636408
0.30835744779796304
-0.3755393067928531
0.1090442386007715
0.15064353862584534
0.022254419529537772
-0.0613639209045318
0.000490153912984348
-0.27327617490386413
0.20745403506203275
0.07148279709834071
0.10906460488257064
-0.17624552921858827
0.11012137507275577
-0.08550691473849747
0.18561809978021393
-0.19620819467916029
0.02451462650858449
0.29729163784568613
-0.3408330690893214
0.061564059446458264
-0.06990352446185955
-0.1243144172380497
0.22666288564463344
-0.13309596636775445
0.4084006806980096
-0.1636379459202839
-0.19591899883655406
0.35623023721695224
-0.3425502230852927
0.029175906332179036
-0.0069417942872863625
-0.06582055712247159
0.16168269623194942
0.026691779196880594
0.017400857433568673
0.38587536219911645
-0.4597931825231405
-0.10260977008469341
0.0020753873857145555
0.12119765592578358
-0.025310014318701612
0.1361751117725023
-0.061283805833562965
-0.13410043933937066
0.12162643545558438
-0.14893333154270239
0.05263567516613543
-0.14408013956729815
0.34108835103477997
0.03712717633400786
-0.21777509380310944
0.46141662926572224
-0.37405064824212375
-0.21467070733321048
0.1801391347704041
-0.17532984154659315
0.30702812668230883
0.014244879013849965
-0.223816839995302
-0.11217755905271631
0.4551280209343036
-0.26032512119806206
-0.2405888810181741
0.4076975267751788
-0.20141194860384215
0.05703262073633264
0.1744434485725107
-0.3052069453918981
-0.09920163292244955
0.2402332200718692
0.22973345129237777
-0.3866477121120834
-0.06178922200413095
0.005885219478593551
0.14007352181900767
0.0772172754127034
0.12849475258871812
-0.3261397184676351
0.15051816619640512
0.21106651201004012
-0.22447486380733872
-0.11896783343736772
0.2776273245635825
-0.25113373044073195
0.30760613987329266
-0.038425922909592014
0.13477562957523803
-0.3447957072519914
0.03881090590680347
-0.11054991038411022
0.31610108166505546
-0.2822571548766988
0.30591679732598986
-0.2971392303002449
-0.12753756916593484
0.02653373661392555
0.38614891606405255
-0.3507069260283808
0.30870970234481043
-0.21302055373537265
0.1478689769134769
0.22220252272367746
-0.5516453840100548
0.5867437302012988
-0.30549020121742854
0.04485900879778015
-0.0829842713390242
-0.05070747518227825
0.017643138518102508
-0.1832559177673474
0.4394508308946349
-0.35067114639462105
0.4545013089096328
-0.3770170531683764
-0.12247808856326348
0.13424484233756862
0.11168212321013826
0.22238538317532375
-0.045076592961431405
-0.4576665738697703
0.38299043485885953
-0.23077131825389385
0.1592909350628816
-0.0250997652084044
0.1187149679530034
-0.13492403974417166
-0.06400858699278045
-0.19317702457844876
0.2616996383704767
0.020875142529982016
0.07901765035646935
-0.34066559151800413
-0.0935546603159132
0.4221496623232317
-0.05861034382410979
-0.131100002907254
0.2535200024990013
-0.2572351955159252
0.4083592031980977
-0.2757712430034298
-0.31290187404232594
0.15082917333695967
0.20388178628189368
0.0633563554843215
-0.19308054914267636
-0.008278571082380948
0.12439657752954125
-0.172075691444868
0.13669857715801204
-0.2221508608973246
0.3884672289302453
-0.192079558546701
0.21105962820617186
-0.08141095214890892
-0.3031944876782995
0.21782509151303275
0.12321687768961187
0.04860283299445056
-0.33971177941970865
-0.05795964785117702
0.15263142152560172
-0.0925352918225153
0.2346789062934247
-0.19276171073809656
0.1970753922043451
0.11033917962012652
-0.14667034063734408
0.012678805404663929
-0.2971845497996657
0.4089381526524014
-0.3692786730873311
0.1823091639351141
-0.048002606978630014
0.1723338144940021
-0.23912418589746642
0.07659709586237573
0.11368730656276294
-0.13575225939128077
0.13187248438440202
-0.15595879915452415
0.21983745569139423
0.03467272521613629
-0.09669315349654362
-0.07180203360622506
0.03446178363485708
-0.06588036741802394
0.1301963047714343
-0.10761482287599367
0.14030259754058005
-0.1629406868308001
-0.09113539266981407
-0.08196311323440908
0.06832496753210593
0.05957211874731638
0.009345840636887037
0.16738773640337912
-0.12976960089725553
-0.07376390992626725
0.03768099133907543
-0.150376421550115
0.11237553366142039
0.1677883349734619
0.025002289693831448
-0.09803929514324616
0.15762172815129327
-0.1659009044999019
0.24029710710986885
-0.4159132408101269
0.14706223473354996
-0.15327372992605093
0.3032948713443917
0.07979970132979486
-0.2559624662831439
0.3136358886024999
-0.06381301758059221
-0.057623733825934
-0.09059110294036798
-0.05109072374737755
0.09912562994296392
-0.08749974879402511
0.09610982945728075
-0.07064432280371502
-0.008807038327484529
0.005855653009110506
0.10092961144002022
-0.226832268244603
0.04488352323174827
0.03772175356802643
0.1066789117306276
0.013753563628685073
0.007959017957761327
-0.2739019522097563
0.21040536807796284
0.20284559798853863
-0.13657145997983966
-0.25417554578541535
0.35993088532929407
-0.18381151896081283
0.024261044675506493
0.05995352691053646
0.05607259859875635
-0.08018061810584443
-0.02215520278251426
0.19619869763376818
-0.04041031447475696
-0.0327690352092429
-0.015043725056531176
-0.20157373796939826
-0.17764005462138321
0.5534228246453687
-0.3649176967715866
0.1503254619251545
0.008624049312638049
-0.07034560593477968
-0.10996533640464623
0.05541468093237356
-0.13853107364920214
0.29107135430109354
0.15978119583209782
-0.10558848240730367
-0.11255419424702251
0.08092204529634195
-0.10066835948265984
0.0975505552923257
-0.06982949641391945
-0.19598137539002425
0.3618577628233465
-0.38376068155602583
0.07761986292143286
0.4589827159672685
-0.17004235965967518
-0.1757507232823292
0.11239454411455507
-0.1889801052340796
-0.03573880873744528
0.06949474147816348
0.03521028041882668
-0.0035687617859223586
-0.1603890295948509
0.09512687622411109
0.20586107808412757
-0.2968681956856968
0.0037178546871025064
0.37042338199460256
-0.03856674331463483
-0.11586508612663504
0.03145403882790365
-0.27228772877718066
0.15084683914113528
-0.029635604303604346
-0.10341216693263355
0.07194229513391792
0.2296522377415392
0.08925729809332017
-0.09985015086878257
-0.06247386356828599
-0.1443619365351443
-0.0727323641294455
0.19770806601527102
0.11276517654894858
-0.21051215644166887
0.06175077161748421
0.06408545590501524
-0.06575082481153516
0.24648835045899042
-0.1236954499570857
-0.28991111260428826
0.14247673196731658
0.011054645795655182
0.2039029486336914
-0.13895816435783792
0.023368586826559623
0.1097217481187327
-0.040986773244848784
-0.07907001459357366
0.2384141321087796
-0.09153454096286495
-0.030781150886106
-0.19393412197587068
-0.27943349148781027
0.17833566159482162
0.22861861809798656
0.15261571940512164
0.017681105206272862
-0.054830549097582004
-0.09101017471363182
-0.16896867123875658
0.2262247441332843
-0.21032970489974934
-0.05357901134756571
0.2801310686448233
-0.17465153072262873
0.011321428184012716
0.06780883073565236
0.04325226155793693
-0.07738170404023803
-0.04856957415894425
-0.10794912806500534
0.17911447483823162
-0.14141656037343708
0.38486482071863837
-0.06909859386471418
-0.2180121788588365
-0.13076821992526655
-0.03748822384846806
0.3262867058047809
-0.272855460584295
-0.03303644422625451
0.2587276055730461
-0.05253333409908589
0.15400976413170486
-0.20653117924036501
0.14173212610712116
0.32636224612166465
-0.3285705001626056
-0.040143498685050405
-0.19469215028573372
0.17188931160857313
-0.07678043733719342
0.12904713333332252
-0.06059864250271829
-0.43078856526308584
0.3677085189731928
0.0789138601677577
-0.18439018724931033
0.25008781621973264
-0.39483673754786774
0.13498851953490099
0.30583867689233923
-0.29205793531497926
0.18889302767446225
-0.11064931965502889
0.07316094343052315
0.10346293797629547
-0.31657639516534875
0.20080801088749245
-0.2362848496663641
0.3575563868494378
-0.15320524833428872
-0.06563533742281535
0.19426643971323942
-0.03446591863849768
0.005133834658304748
0.08060303212357445
-0.06011085500802449
0.15618686163304596
-0.16575852826186055
0.015844276882167163
-0.06055098237942791
-0.12455992673158323
0.0198865930841432
0.08481047222959293
-0.1354769389242182
-0.040576319434880714
0.32307639465507465
-0.17108825551785567
0.05968829701740641
-0.07668980835684547
-0.2946831087536719
0.4096835191857524
-0.24386231298772743
0.45590953134653256
-0.5008457450947275
0.27882274085677516
-0.3017790805184487
-0.0017455173918541345
0.32739795702328667
-0.1458594699113589
-0.0928741691092404
-0.05895744779695522
0.469838509458535
-0.37505551815959637
-0.009944782086386161
0.012427760432144108
0.012035191326939199
-0.020736734885427932
0.36391667051692544
-0.3531506767251569
0.05159498657927375
-0.06576171019916632
0.22547679607674231
-0.09438979242836965
0.042649546887641776
0.0005126334342497874
0.11486392658817146
-0.08625542583826684
0.06599835687919087
-0.13135057465170608
0.25959307359543904
-0.30590907812231793
0.04030357131352358
-0.09074590472957789
0.13169011546890064
0.16969769542273405
-0.17915984527112627
-0.06414866612265224
0.167562479872007
-0.06312887435654702
-0.270806303419313
0.2673001590251832
-0.18812591010189073
-0.19212460802237885
0.07561262604156382
0.6525266672843286
-0.4275836599525773
0.4673091777204754
-0.49886447945991197
-0.09699885326588786
0.04246292786621075
0.10528750992134639
-0.16125718272569411
0.1796124730935793
0.12284563729119258
0.088930857592461
-0.2357615217157749
0.10036953459037412
0.06862389483307085
-0.18806768146605402
0.0051175702443009286
-0.2031424640741648
0.27882508101881753
0.19627923675303327
-0.20682208178527706
-0.03141246201974024
-0.06799124983882665
0.2131567544345443
-0.05872624732275278
-0.049712329944716416
0.23099210375004842
-0.12111760814400463
-0.4629222208064354
0.3749878042142294
-0.11915298028736676
0.040336318972844065
-0.042166295531745446
0.3216571094133083
-0.46883158815146764
0.28505916816538923
-0.11790792169112474
0.3068768609300272
-0.1577975191347587
0.1471736767752736
0.07713409698147577
-0.3327045551869401
-0.03235828059301693
0.1992059085017197
-0.1277505009867843
0.13086082820421985
-0.18502451204571146
0.03021905841275485
0.027736189886328644
0.12430131889321694
0.06692137484363903
-0.13640704608636534
0.09829234268824028
-0.18718341709114128
-0.09598216118676572
0.35039386228212877
-0.27887569978189397
0.026766711229403217
0.06837610023782248
-0.11827552925409135
0.27498997023784244
0.13804262290959812
-0.20088667039005603
-0.30623942639109947
-0.01099206570794009
0.21048693282743058
0.09341303803891576
-0.20506446394710753
0.16529076199746107
0.13906845457473005
-0.1206601041725881
-0.030730366875788118
-0.07391711391061451
-0.04063697940804678
0.23908422203273494
0.01595362806384859
-0.11300798657582911
-0.21893333100415657
-0.0692575899142821
0.10298110817109263
0.31723814005600426
-0.07161917464653689
-0.09927923024767416
0.027632249862632907
-0.07832501152726268
-0.11178270274559043
0.2942064753783109
0.10084004331194008
-0.24543479595576145
-0.048043012457322565
0.02392003208595761
0.2952438773622983
-0.09280742983802415
0.0015141821814748102
-0.26839605449087367
0.4468910998377804
-0.3528876186525345
0.10478407848718718
-0.3038247562688968
0.12022598462678491
0.1415517784365774
-0.18201051168312765
0.15699756565889778
-0.014440108226353665
-0.08159201598538957
-0.08266182991103688
0.16964397446073676
0.2659566136199214
-0.1001960546529792
-0.3753647268737612
0.11202406219616101
0.14899132203262555
-0.1554530380008574
-0.07264928525031222
0.12178666667469207
0.1198496130794795
0.003079013245824491
-0.31550282179810707
0.4828656761705441
-0.5216726267858043
0.48682998295227
-0.4118943927520806
0.3495999343657952
-0.08553647830797972
-0.1305187810916404
-0.030699417609244772
0.3736363208363713
-0.4507225335659406
0.5361652492690396
-0.5293045066420752
-0.07431147696091744
0.3245219840915934
0.17738547676563776
-0.21685200150424433
0.003691430633518733
-0.024353568440562245
0.20366288772225927
-0.3114248903785184
-0.1156968602013686
0.3040739804447863
-0.3026388252724457
0.39285018251003123
-0.20462106750268072
0.17140331955943933
0.06114430811160276
0.16969173392085102
-0.40639933945270634
0.2719543745378372
-0.002150821656644819
-0.2535792294009054
0.3589922973446713
-0.15989973027211657
0.10166681536395838
-0.30347679293286833
-0.14048559792836057
0.10520988343299553
0.26329729734612806
-0.21553280983262413
0.1808721848163426
-0.09953488951164191
0.17322203425621452
-0.0077449265836546655
-0.1638992476610317
0.1389297340788811
0.026466453113129784
-0.2017760251544709
0.22645400283273842
-0.08041077703500377
-0.35334536872677624
0.23218626331967496
0.0751253890803305
0.0026906391924557127
-0.17300595901091675
-0.030644215574432865
0.06397439287542417
0.2678122118503463
-0.25849301277242764
0.2336998499517009
-0.23243876566599342
-0.044272223449353776
0.12517756589603768
0.056440646828511465
0.10552217472246617
-0.3670818158163416
0.24639206745534348
-0.10121157663677893
-0.07501454270675278
-0.24068227226587924
0.41537999716377794
0.013568552409629397
-0.03829677115953478
-0.06630137819774573
0.5080971454045471
-0.4936493570736258
0.15762798878559292
-0.054224814049335324
-0.1016495123643506
0.05832748089612094
-0.019488910650302005
-0.15248827961803268
0.07584002561591019
0.2868786332962714
-0.15386534253781958
-0.2771925286596628
0.15482095972918652
0.11938775126000567
0.2826510665933657
-0.34202147457252563
0.13602343032688236
-0.00654551629825173
-0.15009500978370482
0.010557760954116091
-0.1878510259488415
0.3189874662408647
-0.2960864715059017
0.04430938913855953
0.11469809564952982
0.4172772623780774
-0.2544200222923083
-0.12717391315530868
-0.18661785832624456
0.3613420930576974
-0.2903004355853629
-0.29865749833367317
0.3298106855489531
-0.17027505622667127
0.1489994901424776
0.08120715834094439
-0.11118543438310646
0.2004641360621966
-0.1286762381612232
-0.004490306536934607
0.277682451975382
-0.128582059766716
-0.3081560409763071
0.3015710309973174
-0.26837403133913607
0.37186683499517215
-0.18013209222834736
0.12096386791710745
-0.1463341222070791
-0.08752070363323683
0.299160736898725
-0.09662199001084848
-0.17723444659993737
0.045405663375305716
0.27256659901089475
-0.2919805936727977
0.0062297230967935935
-0.07512175751002004
0.17534099922641455
-0.07274326284612043
-0.20023521511764986
0.18796183021772928
-0.04629541801182757
0.07263391670149466
-0.08701117613417231
-0.2167630456970897
0.33002068755307956
0.11727016750584052
-0.0662246036618841
-0.2953360285946558
0.4235416877327043
-0.19418503554601396
-0.015874870300414567
0.07577357098066062
-0.21011924331561516
0.14053135646482962
-0.14976223074721418
0.17350435228240446
-0.15855504309608226
0.18005299024084565
-0.0024447884787641705
-0.09575272585270089
0.14788729121781885
-0.027626559027736253
-0.10911535435583297
0.04737680886287743
-0.1058594250906515
-0.17265121770243974
0.14867795990263866
-0.12566147953922413
0.43953476625879895
-0.10353621579502414
0.02168504636451929
-0.15233860054387915
0.24024749221842945
-0.02914185451394391
-0.09989909697365862
0.24702304300765787
-0.20830669807848778
0.11603432929077906
-0.08714498186952357
0.12143100042712796
-0.02163459126473488
-0.2537155400721489
0.4941555348920543
-0.1848967676033766
-0.32828125906953587
0.033831580984663434
0.13092814435973432
-0.14828029155916456
0.37977612738564037
-0.5365206847109871
0.5603072479660158
-0.28313015228878347
0.12024684335416991
0.04116805522305955
-0.1769042484513379
0.08521584822319905
-0.05215403495258264
-0.19443930964851397
0.38906214430673547
-0.16747480134447223
0.18020626266209616
-0.042760724929550964
-0.07583744645852764
-0.1358374149769601
0.14463787161959973
-0.1518117816326483
0.02906257886775121
0.05483418012610408
-0.264012215359023
0.25130966901522656
-0.0022562572709925455
-0.05573826608477095
0.11540285066067058
-0.09863474901580327
0.15516353619457823
-0.1773298104353105
0.05826542843734739
0.15996460566103243
-0.2490887823123351
0.19031373569530663
-0.23306801265133736
-0.02437986010439741
0.36651212897971486
-0.006162759402708051
-0.12408251903056966
0.10281673915315759
-0.11048586745211564
-0.07279080722662545
-0.07531073794999199
0.10015022254766426
0.13085806057772675
-0.06426659130167511
-0.04372413540722775
-0.11103690930777788
0.3888971666104166
-0.3161772765965285
0.1952772079400713
-0.35310013593431755
0.12993757508995096
0.01629393712352578
0.15878952396406731
-0.1342770758535401
0.2190296350971852
-0.19900865671197288
0.16466006822607127
0.10288730639561083
-0.44115110554617365
0.27980707383198045
-0.027191535077145224
-0.11517724292824871
-0.13188566479843833
0.12887977759354263
-0.2271577411964163
0.14794824007254426
-0.09870259201738385
0.2689671994429892
-0.07590337867183594
0.12811528455838883
0.2014407594144243
-0.3891689962216123
0.13403066675631936
-0.05776486724253149
0.31840170169198223
-0.18371027628193737
-0.13531553118659412
-0.0706864406353529
0.2814257153910704
-0.2222439207249205
0.11124482515168044
0.19028676124954957
-0.29569575835758144
-0.030104216508151982
-0.14721869429042123
0.2679406664607922
-0.3359877719195028
0.35370116585925504
-0.028634829923592342
-0.08313798855557764
0.06547630749409183
0.14915295491196257
-0.2066407790606235
-0.07288009919043037
0.018146989237601163
0.18812334804339104
-0.014819836013175713
0.042558991877321484
-0.3384334359789334
0.37983027556249094
-0.00460382627728384
0.28242291007311593
-0.5581014859104405
0.09435996733518026
-0.17051323955529107
0.011224846617552853
0.18555362157390642
-0.06304743694283776
0.21610839831491324
0.0780803954528515
-0.1316961442274014
3.5356422170673696e-05
-0.1236152612467627
0.19063141797394545
-0.17384844123768106
0.058675009765954744
-0.019452877085222697
-0.04341953099439677
0.1805843287957405
-0.2278698999461013
0.35241896349751145
-0.2640481705438491
-0.0035630014259258047
-0.20949221944911267
0.4154498304118135
-0.11737853884254146
-0.18455454474052502
0.17040980388376203
0.261060936911228
-0.356436816700169
0.1740965456348158
-0.07136688057706664
0.31740736422066185
-0.44319439672934524
0.05711063609649303
0.0012826990922802928
0.16459599550547366
0.15367861201115307
-0.29990685022186114
0.11740916349065844
-0.178207481869876
0.09996291079211783
0.10351282158230424
0.14732083168753007
-0.3162976189717144
0.03325331687350386
0.030825868086203467
-0.05697148901954163
0.35129039393393
-0.41424929050488934
0.1564806034604973
0.09031218130691543
-0.1279637421645725
0.02201298556606135
0.40975657732349124
-0.5046640516298535
0.14788017981838508
-0.011675132893667062
-0.061810888485483995
-0.06158089311795334
0.021651295942680004
0.17121630804414534
-0.08521555473223152
0.13365727071912636
-0.08635953627692983
-0.15803471918366396
0.033669865990115566
0.10607486791057408
0.026004732999636015
-0.15638123043422292
0.15079702325880984
0.10809130613285878
-0.30457795875784077
0.21268504240703567
0.08791092911200149
-0.12438115171474218
-0.15796541257236507
-0.1808296095336186
0.46499637166454266
-0.22159233982110615
0.0325237195084811
0.1646140905537199
-0.1698404270550402
0.06316949779620562
0.0035972477625565435
0.059123678119083145
0.17344767009824102
-0.47363541212334637
-0.11295170120778786
0.22409343851038632
0.30983072994176175
-0.14555246925468968
-0.04376386236189167
0.06629294046237266
0.19326803873229137
-0.17900319564978995
-0.12130780258120888
0.030203076446406518
-0.034446300600389
-0.09170834718741427
0.16817576059068462
0.17153706089833465
-0.0038388160038078656
-0.567984502315682
0.207184818458912
0.21982304741244385
0.11012972238449792
-0.1970553178722474
0.05431644604127417
0.10634986369574673
-0.1943421830361136
-0.11688528921492791
-0.0538829053087182
0.44567788616332193
-0.5728130668916032
0.4745953016326143
0.12860061291609504
-0.31121767707645764
-0.1595738527807633
0.27058198689668256
0.24801539983008425
-0.22748496874856428
-0.07245661307075268
-0.0011290760660593868
0.4943284066928333
-0.5483490410219152
-0.057749034460473414
0.17398825052024836
-0.04190498461485492
-0.027785247694102733
0.30935861411170507
-0.27184858323311256
0.13299663807251605
-0.24766733002408303
0.06118088147007006
0.09625087900237062
0.06805730405463195
-0.18804783372060419
0.13565191590002557
0.09491891131410224
-0.27596986806338597
0.12773965495588557
-0.08106304156751154
-0.02299465109474874
0.2646117338941403
0.14205220337588775
-0.02708431496416086
-0.17298874135299136
-0.08881478381172725
-0.11603630289928946
-0.017998281092584056
0.165022220763809
0.028594408145210082
-0.036967165635950705
-0.08061375735183574
-0.25678840208430476
0.2977888107313871
0.07429910504650072
-0.10948814599641077
0.03022946803980253
0.2629979790373478
-0.3527679254348015
-0.16579884830983405
0.3639455589761251
-0.4313303445315415
0.6681414025456556
-0.6810970638586915
0.5295459120586716
-0.16378713818609159
0.1415779584043002
0.03164348634303704
-0.34764665610428747
0.1326698580543355
-0.11083646880507647
0.17814392663451284
-0.17830172144269052
0.5334828227245203
-0.6780876992573124
0.35922826760207816
-0.2490422327021118
0.644643545663683
-0.13648203601167408
-0.382398161524351
0.5437375378774516
-0.3919158557789324
0.02987458444587232
-0.08726212213832962
0.05842238412345413
-0.13739537225576925
0.14468856980033995
0.03451726755971052
0.06054160152921639
-0.14209493213605562
0.16069900677520677
-0.25723819155535477
0.04884854490122659
0.11891689726229093
-0.2871183053546782
0.26476115339354434
-0.1843075416990141
0.05322341548435516
0.24358162460706834
-0.1913585151338455
0.11463345731883923
0.11103668406438638
-0.1455138829331426
0.1520290370192814
-0.40948142699365553
0.03511157888884853
0.3391168327154641
-0.004557394785151159
-0.12991266384870404
0.15512788626428398
0.10275326993878764
-0.3727021952119398
0.4153934701055113
-0.4258208801043173
0.25697683469390764
-0.014131253541076472
0.01052898664019164
0.15787926060155222
-0.36213776629970273
0.10882405254077576
-0.015866440882739363
-0.013784084407242547
-0.09780059341654979
0.12733518304758173
0.08202642050326725
0.022106754850538923
-0.12212647241529573
-0.055392872620168676
0.16152402767784713
0.08651010456020058
-0.2761554625330491
0.1535316771170332
-0.12994920243646124
0.16558928945621276
0.08579145808194077
-0.03421317395583845
-0.6516019571050293
0.3222654175035695
0.2515836635867381
-0.24640746089871723
0.06509141758573445
-0.07453860585323357
-0.12440353066488852
0.5259707701107099
-0.1772689447834117
0.06900038633678318
0.028297693712467487
-0.15782229703949358
-0.06247526245768964
0.17054525134662413
-0.17284250829478887
0.02035098805717639
0.25599795104354905
0.06090997774827356
-0.14536223454466657
0.1631903987749148
-0.0841586923250861
0.23313972072842937
-0.41010159246174105
-0.09742936917737932
0.2322982024904312
-0.004978902014772801
-0.17650353822219644
0.19420647611948394
0.026798565245224282
-0.19212913902671036
-0.1571639184388085
0.1545824514254086
0.1610919526639838
0.0012991138618128062
-0.13909333156972092
-0.05845907303176445
0.12953358183002828
0.15768956017232783
-0.27466312988659536
0.07786493939675254
0.1941566301581381
-0.07913919084314758
-0.4246355483356381
0.07395399172038242
0.370103282630853
-0.08646616841552834
0.2217362177407609
-0.07360862503971788
-0.10811751028357497
-0.053498662150703646
0.09439766991159959
0.027212664307621814
0.11672757279306278
-0.42313169269749595
0.11492372785680294
-0.012878590657353417
0.0419292240891862
0.10310948157001976
-0.3858364919420294
0.22974569889795715
0.047506999677573436
0.11577094254489473
-0.3653210725783529
0.1875430849408921
0.08972857400053935
0.1015938909982903
0.05518636651368425
0.2537699020040276
-0.27439033305617144
-0.021374045536322495
0.01668210924729152
-0.12658376097866642
-0.02666943518159237
-0.001134803610024937
0.04688471966954855
0.21237529511545117
-0.020842200610026396
-0.1405206698157575
-0.21676623206267864
0.18056132450183116
0.4321469260137154
-0.37406546013614284
-0.13559565210208757
-0.03976565212256111
-0.02879416966174242
0.04133305210607041
0.05829274952073593
0.19963617045985727
-0.36396490001708437
0.2526010735802242
0.12702093455518115
-0.07720458353938708
-0.2921463613537356
0.4585637643496989
-0.11697257468743016
0.0010253842170824257
-0.20482581459090987
-0.012286484735837266
0.16872621793997844
-0.0985144850673767
-0.1758545014337609
0.3033301810347444
-0.004124897312363096
-0.09888450632870693
-0.009153138541505346
0.09051145772635216
0.18953337813103532
-0.41027535709435803
0.5071019816202118
-0.17745880394179947
0.007997658961323317
0.04821799416260353
-0.33386620057713445
0.336984981680879
-0.08918162686032183
0.06671170673467719
-0.15113928319810022
-0.07552622497942019
0.2546628214897828
-0.2590636303361227
-0.2029194910586667
0.2148749645677439
-0.19606368006327268
0.2696056741068229
0.1412683140574802
-0.24773080157229832
-0.04405855893683808
0.09815886371841742
0.07498694809266349
0.09424119858295299
-0.060358828438972445
0.2022545429380953
-0.058245110146594836
-0.31638252377951837
0.10717285884156924
-0.1688948621569648
0.05604463773759649
0.1460073446603185
-0.3668406805557347
0.07642053689948014
0.4155404755532812
0.029719676057282207
-0.0980200723148994
-0.015050303697281997
-0.28685877276056027
0.3083186122197248
0.13369068133823214
-0.25460899361474354
0.08684111418835583
0.0505636325060177
-0.1506594275157147
0.04269273635765747
-0.12857483354840182
0.43855463596855593
-0.21681322949685855
-0.08422799055937924
-0.0799014803523832
-0.01995530345844765
0.14087179560125174
-0.08535621030254115
-0.06155951639299406
0.059651731483570725
0.2049937026071289
-0.10308903292152394
-0.2159997153387565
0.03449622961564014
0.5051186925547484
-0.39707098647438066
0.04767898286308059
0.0016691297389219706
-0.010169424227405965
-0.06359097776538114
-0.02209065425465795
0.1481125088948958
-0.12088816943661396
0.2489473541754732
-0.2471957549118251
0.20089398163280547
-0.09754280972059748
-0.0681387706758394
0.14417461533225895
-0.20905005743460991
0.27117502192963094
-0.3674430734602907
0.22868740074420146
0.11039094897996726
-0.2036319408317553
-0.061089515812581485
0.019302431493426697
0.13395285716616656
0.039702613493104
-0.04806557209799367
-0.11343193758084369
0.16272195397686517
0.01337252785420917
-0.5055910854011962
0.21384628925686044
0.23522906619102057
0.011589897431626639
-0.18276699673696406
0.3265015041555399
-0.20896819491742002
0.2774644921414162
-0.18971195889029602
0.2061750568663565
-0.2834666133205128
0.23514234389653188
-0.013771690383566959
-0.10678678977832146
-0.05936898697839732
0.1389440637196082
0.0015182123871158026
-0.0769064369943373
-0.09865920859197042
0.21702114964137653
-0.19453993894516453
0.0155367780896567
-0.3241395195528589
0.4194158260699343
-0.18352112290228462
0.073819957838682
0.052949750993876776
-0.28169158649658654
0.16465516976602523
0.037639488977001534
0.07260043546200601
0.1328852402783749
-0.17886184729921606
-0.09881277364862306
0.0891386172417219
0.016324749665289406
0.25556751271842604
-0.4389943774379459
0.4664333036191959
-0.09385104090986074
-0.27212887466711067
-0.01561460546616189
0.42416816457926965
-0.43812671306659956
-0.003342782643597886
0.23833045094125094
0.01808153382320299
0.07293261653228145
-0.1617562700356916
0.20398544776721472
-0.1657955762187555
-0.08544533909907503
-0.0597337399646265
0.26838617703184564
-0.06762485002690077
-0.2700367656377036
0.47430109464328396
-0.32413424042998473
-0.12952669593272503
0.10513973098508389
0.054860024413488695
0.13825253162198026
0.17184505709428954
-0.3306782363988954
0.0922299854144617
0.10201135224663771
-0.3312997770379349
0.16631471835265588
0.1534215782001711
-0.03239650111780845
-0.21748970019444336
0.1186499624111792
0.25690121164133206
-0.26379077754782676
0.1466311525410653
-0.11187777395244636
-0.2162188534148206
0.26277641437075605
-0.09507642404318739
0.12066557123249089
-0.04372651794846227
-0.16302108817706573
0.2972991209954672
-0.03435572915376728
-0.08550455395097911
-0.1896954234674526
0.2668685063895735
-0.2861971906110461
0.17411005753896625
0.12078997478495612
-0.15113277650636014
0.28818820429615144
-0.295204501040224
-0.31758515100744567
0.18181133002420435
0.23428105813380817
-0.1271203776980281
0.28691332874634057
0.039298216847402756
-0.216095580529851
-0.1889599678512166
0.014587528421321494
0.1308016608876632
-0.24019400076651376
-0.01875373019385429
0.3218612027635499
0.07102278914282278
-0.26400867281712204
0.10206373997493667
0.023233701027068676
-0.13299842022711772
0.24421898890011562
-0.017033246734210916
0.12483124033444515
0.002443399427818349
-0.2923377049937259
-0.09042460282204035
0.2233164094433513
-0.2718977791632713
0.22296091658643702
-0.041678204386446094
0.028517399077864436
0.054245962424746885
0.4065323751219805
-0.778481934458132
0.4012155039362093
0.06327396855122469
-0.07688546996238621
0.15684636984491052
-0.13332053093981688
-0.26022062274274127
0.1848456430874874
0.231747158577142
0.21634667037342847
-0.5330480104860507
0.5106841142849197
-0.37647003496742704
0.12310763000747516
0.04614651699386574
-0.2724369399554143
0.17091205430008172
-0.048860099407344926
-0.1589759796716197
0.18570889817793557
-0.18460525371145264
0.35715362322818756
-0.3340332840649367
0.2681774388074327
-0.14499851564462496
-0.19810980481451113
0.10074995499448836
-0.008991008735134809
-0.07580182796969392
-0.14585335558173385
0.28213637343423437
-0.10391129140469646
0.2580324988906004
-0.013773571489419822
-0.41816579277965715
0.23816378379452452
-0.31680253172068973
0.3355362892332887
-0.1821752587345582
0.6617954491407687
-0.6380747383208392
0.2687067478828471
0.05668984010995448
0.1407702884874773
-0.1260010636391966
0.1130590723769549
0.013210928330011917
-0.3268656934317389
0.14582842829402276
-0.12335681965627332
0.28869988214986675
0.12767825197939509
-0.16653072422356718
0.04769163419235589
-0.066537949474883
-0.3165010090352034
0.24359068934615458
0.1001202141711417
-0.01685298040403671
-0.09364246726036107
0.08109392895037137
-0.10530794326591053
0.09260693260307118
0.13873013754803987
-0.20894079715631708
-0.12966453821586033
0.09006615919342797
0.12351050691487231
-0.16160441014164206
0.20443276375424624
-0.031650569033911946
-0.11323127145967415
0.05037977065227395
-0.26890795217882957
0.2971256829913904
-0.1357598710726995
-0.02556309490809916
0.17561578269503997
-0.005729850866346808
-0.06150070205509239
0.016969666012236928
0.03901399180936016
-0.0640189411401777
-0.09117651681589045
0.406548167000365
-0.26321553013782006
0.04385330893748085
-0.09940561649886481
-0.2876260683158365
0.4454795212846876
-0.2915738025049217
0.23949745228723485
-0.1561243158691239
-0.05781692202109445
0.23026066818069113
0.1258798694489034
-0.2693476793627605
-0.03445721680041247
0.097636173938628
0.06040760016654012
0.03714287304412345
-0.1984134016651824
0.15233170160973897
0.04070524896448369
-0.13763824845485528
0.2467424683148849
-0.11709900216671354
0.06880756396488952
-0.018227362083621745
-0.17739148725459764
-0.10737873815682608
-0.009898552809032513
-0.059107649812670804
0.3173816577253361
-0.3337413034382979
-0.15897674862039768
0.5129730120115457
0.06990848778277448
-0.09311711347404694
-0.01173512829619483
-0.2107201515720054
0.0571729287624434
0.07285877094472415
-0.09028303897342438
-0.07152213962428489
0.3253084290763546
-0.09013537074785738
0.1330624582058637
-0.033157147182535596
-0.3090623104937871
0.1265767271485534
0.3277700041084892
-0.48660918880813764
0.10190277237411971
-0.11959376731202642
0.07161417543019821
0.1495072859619908
-0.02888170797426337
-0.09410347120296159
0.27281518886761447
0.07348669425286403
0.022166134189751663
-0.19046090847909314
0.12533129461819836
-0.09943660665815202
-0.280831609496063
0.40959017180373136
-0.04543672475745364
-0.10861737021074891
-0.19826588681151325
0.3808511860525279
-0.30939331292478167
-0.17581547309570178
0.20967220589052804
-0.05937981034226736
0.057754062117004956
0.21889072654098074
-0.2384112259497515
0.38596074723766893
-0.4505455978604167
-0.02312354603541822
0.15273953943983676
-0.16059309607191308
0.38014639535306527
-0.15782699923109655
-0.12283645390482079
0.1518790676707482
-0.13944004652160702
0.2474865936153785
0.0290533925833949
-0.480768694817328
-0.04948048252881687
0.1912670188037584
0.14534291778715014
-0.2790324963081492
0.3247787022187567
-0.021003290587256362
-0.032900291364626355
-0.08487797591852253
0.00951604679416862
-0.07596053070306885
0.12128371365597168
0.08719147191757282
0.00017525591665323859
0.11183576885348989
-0.24995095846251214
0.04837859295430924
0.12080504160127292
-0.32399434409763783
0.2947245685843103
0.03494340524507278
-0.35244727867949877
0.3709204376307378
0.04282879686977381
-0.33496702717071836
0.2242622043664002
0.11685080455460284
-0.3143612440304646
0.32171940982416825
-0.2026110863845405
0.06110837194158103
0.0768615366733294
-0.1862130653479359
0.2650920044921654
-0.06341287413286656
0.11964000632776539
-0.4004295361175858
0.19295197045004953
0.0537487807827004
-0.040954137927008194
0.1394168144099397
-0.05560965912639837
-0.5880510511751087
0.4228428443178087
-0.15352265629131345
0.48050571993348346
-0.4100989693572803
0.11708247315611864
0.17093544265125482
0.029104675498953902
-0.13628073175845312
0.2393394611550712
-0.1569847146370389
0.07474999266325177
-0.32573231775457545
0.3289955390483086
-0.10131979646179134
-0.060517011664666054
0.06488963902629363
-0.023423335017657365
0.021298311057873942
-0.252880719936619
0.2940346922209818
0.010934770902735647
-0.28062727758212613
0.22191147546609225
-0.031204606894964293
-0.0838421385603132
0.06538999892335573
0.08973415733397028
-0.19590487083239116
0.2928518980417003
-0.21171924133952924
0.0347635239598687
0.1243191645979893
-0.3000436124498429
0.1390203806317687
0.004248483940031633
0.19424371536159235
-0.29698653655042007
0.02849409654409296
0.2715841034461035
-0.21467368177520996
0.2863937417889719
-0.12281631096771539
-0.009272035470200723
-0.10630964269724119
0.06979449619262157
-0.050093759408259775
0.13235998706580876
-0.05096715067556268
0.017997057575744435
0.24006761587024084
-0.09485452362824098
-0.4713487594515926
0.4993462850119559
-0.2452294373495234
0.013119423153632681
0.07489634877452378
-0.14255974383120984
-0.038194344492179955
0.2518137869195032
-0.07136117608157821
-0.139370423227974
-0.12058711882296302
0.15189354857464554
0.05118973360820789
-0.3303425214488911
0.2992479221732447
0.07011776004352166
-0.15477492539955895
0.1057572261765185
-0.13243444648646596
-0.01983552527164356
0.07127808574458383
-0.07481316088104828
0.42671049902472946
-0.06812327062917456
0.15187940945214606
-0.2566432152252638
-0.17892574467261024
-0.04254780666468383
0.2819066892119553
-0.19616883510212046
0.18373319964629742
0.0932115632147239
-0.1843997315329311
0.0786833890803722
0.005267143348272274
-0.3012920696976269
0.06061516463886285
0.05701989173233457
0.17954730332753144
-0.15378597772176184
0.015335545633117675
0.1163574702605863
-0.2686562018239349
0.23214259949724925
0.041667732043087824
-0.07751319792882505
-0.08297986399900914
0.2096187866497048
-0.14033317376154297
0.23381751545328777
-0.45429519735919976
0.14193749327788163
0.08556322193409782
0.14282915360879622
-0.04606245945709908
-0.02968055686463611
-0.2851680583897034
0.17379503294703014
-0.0887353795691257
0.0808192958302878
0.03456453929955572
0.15460261761194394
-0.228045480355481
0.30699485502837565
-0.1789781451728345
0.2989287910696725
-0.10582391517863954
-0.1326776033279895
-0.2005343266875177
-0.07342343654298622
0.3724914872501164
-0.13767314155964838
0.19323617498632206
-0.10488307673243114
-0.09086490509626177
-0.12856433860752903
0.23569364127916437
0.0025259760695175437
-0.21391770598678406
-0.16360121846526532
0.4480610695035545
-0.2659283479709291
0.1872235170236496
-0.2053043089699096
0.43315503233589947
-0.28115519016778734
0.0784664360616576
-0.07080911397981104
-0.033738494190926005
0.019160153454671924
0.05357503167261335
0.0029098896194379442
-0.052897157005924456
-0.37422352152807115
0.3934949167106785
0.03422623825703175
-0.0107732204799178
0.03095669610973628
-0.18918891095352963
0.21602837459934854
-0.15911383752859276
0.17586416885283596
-0.05866982016945688
0.07080799051737108
0.017818512094861294
-0.20223748199474434
-0.034880432432110364
0.05797735999475506
-0.19521402902881402
0.30128406340197955
-0.03293218378464413
0.06574273853808332
-0.02130811119748266
-0.09177074762505111
0.04465822272870623
-0.006328546431000337
-0.0033226459149444665
0.12016695283695178
0.042757891168660134
0.0892236911651878
-0.4204849003529434
0.3406557187588093
0.005746597953342647
-0.561671283471822
0.3531121047506889
0.01708947798995153
-0.061880954404648136
0.3070741924297935
-0.16055699692650194
-0.010883405975421034
-0.05382485693079486
-0.14059847540797143
0.056595538077608865
-0.15093939166726766
0.27839266311112665
0.14969309916570328
-0.24264144252745767
-0.22697637201824383
0.5403964198796771
-0.2676728733257341
0.23074252257643968
-0.6383096922050906
0.5343687017425234
-0.2799224396022435
0.12605824758911144
0.09246046798604768
0.10522794085451492
0.25975637142106933
-0.49148404667393875
0.007787457540544107
0.061280576651611796
0.20113894050254588
-0.13029142771482416
-0.10140645732178655
0.16602688973276702
-0.2896766648963074
0.2289812157597768
-0.15713056998326014
0.12221855368291212
-0.03944147918728458
0.0389252079507072
0.10109235776336334
0.02370583630002665
-0.17976500917690963
-0.0360001366724898
0.23897639627742917
-0.19356240958380955
0.13919814491577132
-0.2594856184245531
0.17513238226299022
-0.10803156400141445
0.16840602936467652
-0.2251806343247127
0.19076592588264507
-0.18476848163951942
0.155221417911783
-0.0591831075192073
-0.16590583330976383
0.3271858468375499
-0.16159822501966792
0.1851195955442475
-0.08595668739398787
0.0391323749323127
-0.14718053240048334
0.24850868481366817
-0.30088663788362036
0.14048382105236623
0.027455161001743722
0.18772720374919505
-0.1352150985739229
-0.006176293792858445
0.06198090190166772
-0.19946017795441584
-0.18151023251424014
0.35699542916933513
-0.01704798172650257
-0.09249387355950223
0.0333654055655046
0.011598772082181519
-0.11822259966830506
0.13977074490437502
0.0682325123862757
-0.07196646596004852
-0.013742113938977951
0.14652151814071068
-0.24364411513394968
0.03529377078971896
0.06561897979798825
-0.1235979833978269
0.3507890651913357
0.08686514653607835
-0.12168088392346643
-0.0038549463047834465
-0.19839341874458283
0.011429797546658627
-0.2661009778454062
0.360538240882061
-0.10955088256541634
-0.0031235581158512993
-0.299945178096674
0.31201033058814787
-0.09839815336636226
-0.10940238041834682
0.31884213060414224
-0.05063050200060992
0.2274639217398371
-0.4661656906788396
0.09233194211618434
0.1725583781893021
-0.15603488155636303
0.22487410119026396
-0.029648534958937933
0.08889247377839604
-0.23457073548222063
0.020544486105600335
0.0502648025591097
0.2556853345816221
-0.539032908087703
0.41715217017426776
-0.28409963711045405
0.2699126993915968
-0.12975875944075987
0.06453674943313104
0.24865319240688155
-0.2324250383543447
-0.22833043172166034
0.10565740659603362
0.08659137223430813
-0.0712664833239236
0.0128604021389771
0.09247215920912577
-0.04464286862255484
-0.13679393578106724
-0.05988853855422782
0.12227184634908905
-0.11684242605224515
0.38563247406715595
-0.5633109386358512
0.13426946761709946
0.2076338485994218
-0.05472014173287443
0.23211220277056155
-0.04037084498874721
-0.006441759265845004
0.21453853433151648
-0.26535143198293376
-0.06955096961386786
0.12455108640277324
0.0009563527985418929
0.08319361532562741
0.19191076010340025
-0.09698060406441167
-0.31034449607464465
-0.2583860228566084
0.3564593765658648
-0.09446889353959209
0.2831800898401142
0.08639850915993064
-0.39004230680414764
-0.0008438341291117091
-0.035332818318293935
0.07521280274101416
-0.048415324330884246
0.027163044552059645
-0.05306245239265106
0.20427941965849605
-0.31809274895491946
0.4381015833830584
-0.23982193609118863
0.1779229625045211
-0.15138691809941296
-0.2774759208667281
0.2531407248580493
-0.03455822393594987
0.05689331273722642
-0.14346351545630887
0.2005143867533663
-0.19241822156012756
0.3125929498738276
-0.37039703663186785
0.15467358133593478
0.05819476712375682
0.12311580429840463
-0.12401997018590016
-0.016457800849624338
-0.018418574253653563
0.29649504833382334
-0.3333341454019312
0.03718471272756174
-0.17397168467375046
0.3820527668785041
0.04201914306950805
-0.3671396009702472
-0.10306156605665295
0.49227344235149095
-0.3349182367023489
0.42747567688839894
0.030449078209089375
-0.18416734414232305
-0.01695466353239805
-0.17489401596397602
-0.0775885589949632
0.11523005487357185
-0.00518314867461811
0.18081065320695622
-0.11033482832036601
-0.24549724119853833
-0.13817766216459004
0.32467658924050324
-0.11942989189820352
-0.06066410155501689
0.020063881817530937
0.17085447984988678
0.12152351608148093
0.03890622819453338
-0.08880331586828927
-0.2962965040582737
0.45778817527936555
-0.13616070715335304
0.051517721535206284
-0.27684571009439685
-0.24982924630324232
0.20160574221920546
0.12099753530136859
-0.169161669624736
0.48069951621159746
-0.11593840057502103
-0.3720018614888567
0.45681476717889113
-0.2377161392303817
-0.06474324376077156
0.3245156606797206
-0.33771447832183554
0.02802669949365777
0.18684362786119202
-0.30396035187683346
0.09705643085767601
0.04771632941741499
0.1808036616425337
0.046082231650899086
0.04640042032828884
-0.01453002506058354
-0.029775164758894856
-0.39486603432442235
0.22796948952952967
-0.08309490089942839
0.1177199640169615
-0.08846354565078496
0.1362486211736038
-0.10424661124545809
0.003050924202266714
-0.022535996943469527
0.018931164865844785
0.2500370926996869
-0.10524681200795838
-0.27457754819016955
0.28025288165231554
-0.13093307978560365
-0.06298835972530759
-0.07678026544187588
0.24897846506736965
-0.10280632159058456
-0.17157213583270448
0.33706462005331694
0.0029576932529056243
0.012563175350913003
0.016957509087625056
0.0076846347584846875
-0.029751249484166742
0.08411835538666468
-0.30915430374232233
0.03889871632018371
0.4727381845597267
-0.12883758935570633
-0.3423745773626483
-0.06015404277164249
-0.013694935412685627
0.3555681228313854
-0.26261774628331924
-0.05646725040346423
0.049848940217059656
-0.2451429060555097
0.15451171997511404
-0.06550544450106699
0.2629282102294823
0.1354320607244368
-0.24331810832147704
-0.057449998907534994
0.3286489786065574
-0.24860203504889178
0.26616782124133964
-0.48872008381988596
0.48238317624469174
-0.1745606264789119
0.2930469142943144
-0.18253794519336308
-0.08276916928182843
-0.06817277378456099
-0.09456811213075111
0.057241907901858013
-0.10283856880889841
0.29785291951022996
-0.2858425113651859
0.1833823803167114
0.13083599137798618
0.06614858806381063
-0.1045345855778197
0.04879710870840004
-0.0452508233924509
-0.13700240504381744
-0.11010717376988444
-0.06328936456501166
0.18488835327634856
-0.13003116027873762
0.10872041473812066
0.06118973890357715
0.1884977951977973
-0.14576849046584028
-0.07107073225563143
0.03709558678105296
-0.1534912965029096
0.2963548923706423
-0.24849944933487622
0.1569412161301762
0.05198105153704402
-0.2550278615509871
0.19334049255942753
-0.03476414799694583
0.27879673773030555
-0.3837041511767616
0.24767776372633143
-0.2861565182879042
0.31715215245805783
-0.13606048889074263
0.0279982894559474
-0.09666626605975992
-0.21962110528338075
0.502331473692069
0.3036796861742177
-0.5731945256704738
0.13156103942358977
-0.21827431997605462
0.07166803251168652
0.11135768107022903
-0.21877215923660787
0.192807036608019
0.06784979075116748
0.009216404410862022
0.0045319942286026205
0.14366176760106786
0.005065704829541939
-0.08313830482227758
-0.5624234198393241
0.6053599765142375
0.033899660796986364
-0.4088722066900403
0.13304830968708092
0.17104464977728817
-0.02911589946114912
0.0707775594405784
-0.15081617521938329
0.10818509368359974
-0.12259070613036105
0.042236651660708446
-0.09540598621143559
-0.15371852141041398
0.04749758229307588
0.10150452000713717
0.18327228668944562
-0.04268928261308602
-0.21945796915781202
0.09349174237668478
0.14088500694533135
-0.1422061152182641
-0.16645047510593258
0.15333521922198834
0.040371057816469325
0.06337091593017297
0.16655984962571146
0.051770994525914826
-0.1376554135230279
-0.023346493701384308
0.17470486884971903
-0.06112251198365337
0.026759396170298988
-0.24423460416344644
0.1983815661859043
-0.14856531672643847
0.3075337208981743
-0.24799010148613432
0.09554328807916379
-0.09431287543107825
-0.12250506771152292
0.06752479930917588
0.15272320694841746
-0.297261641437204
0.0852989599860452
-0.13117538280575491
0.1409286149500777
-0.20680159292176903
0.0403523506686696
0.23512622763289137
0.002319761920847263
0.062333345412521
-0.253589413813482
0.30543738376939045
-0.114408863808241
0.007929040991155212
-0.13295126709827176
0.14937691385766305
-0.03130158332595112
-0.12470518514540796
0.006373082473105196
0.14727480514372138
0.05179624858009246
-0.2114766439696214
-0.03173460298714925
0.1575205507570061
0.13475039388180976
-0.13438661322596568
-0.10970288755891389
0.20099479814350474
-0.02857958270177008
0.08197006081414804
-0.22534280297304132
0.27272030116544554
-0.24353149770409255
-0.035095828193528966
0.2011765171298947
-0.24298057448135646
0.05091075935743827
0.0852739839201182
0.2991939201542406
-0.15753860428115019
0.11485241148009884
0.033480232459777604
-0.2549586127270027
0.1551965663612629
-0.12386229917885405
-0.07925345288682273
0.07110510431950301
-0.16564029437737648
0.2833834632500407
0.03422553380807303
-0.2102559876368515
0.19713867736788737
-0.1755666264572957
0.28218766700299813
-0.06900513356338722
-0.12853071446704645
-0.11570063463693758
0.2293734258301119
-0.028750509353595355
-0.14551472784446018
0.07024371277032193
-0.047787234088197295
0.09715997615204097
-0.10801637480565107
-0.03297556054687911
0.08578845763917764
-0.2332760563074321
0.2895895342040298
-0.07946109280144364
0.13387126329398136
-0.07800962695751767
-0.21169634548126082
0.17653539435669252
-0.020681128355433565
-0.021243328985788956
0.18078355342481212
-0.2041759981782536
-0.032040404634267716
0.0543456966735536
-0.15378878322611422
0.463691862782484
-0.30612965398725667
0.3847550408030789
-0.3065483971030445
-0.0763972706531022
0.025613371357593895
0.05935361135802397
0.06864882911411696
-0.11031074333897939
0.20894937223215715
-0.10411690805797225
0.018346894640156375
-0.043583859864048335
-0.21204524629589816
-0.05702321002672672
0.39656284359889593
-0.13444503876249891
-0.1844896676075698
0.027013750049961427
0.2618865763809861
-0.28546988732909595
0.29000713764260766
-0.3681715176696052
0.39996799602369215
-0.216216653761224
0.16572513588797477
-0.03275752801017573
0.022205111581642623
-0.1537538157881202
0.04423554661768758
0.005412415221724309
-0.060162432340309824
-0.2663078883406351
0.2798166569996434
0.09337618426046301
0.09107775069867197
-0.19619418752215312
-0.05866772647097562
0.05061826515688139
-0.19384182821491747
0.23584228216883618
-0.12448345302067443
0.18996329140602075
-0.17016988658420873
0.22942122187228442
0.043200272587707644
-0.034040400968783135
-0.09122886859131496
0.023359686271778646
-0.2527339296579272
0.19589288609402766
-0.37223042064954504
0.1871783560520961
0.13198331628050175
0.40181254909845654
-0.3617604486115864
0.1949537671334487
-0.09797715165911347
0.06275084782924312
-0.21060058959295214
0.1265584366595176
-0.09469919633638435
-0.0070503460116109196
-0.27406737284642224
0.6277581188260175
-0.30352911790574977
0.11908625749130586
-0.06657530478707985
0.15630398900756148
-0.21222263481997983
-0.25910611403035055
0.6155248850271171
-0.2436275280554181
0.05865685555241429
0.1722544125702261
-0.39975057953488324
0.07612787945772403
0.2921235749064759
-0.25536303048821596
0.05259524165232543
-0.08981706702138803
-0.01903510273475817
0.13586600977176078
0.09123472008689815
-0.4232092205524931
0.2822313414879769
-0.14973981872361364
0.05902988409572396
0.05012239828043974
0.2936255957532272
-0.5303013406846491
0.24357619121027252
0.07327024748776756
-0.27143804939369565
0.1340759128810185
0.007093278217142451
0.2464148038254259
-0.16397555634563865
0.20695190953476406
-0.25206236606815047
0.2606576202570361
-0.1885807596307556
0.11861819074459001
0.1181319656920028
-0.04278837852363937
-0.411397409764513
0.2467368056446766
0.12083275089195578
-0.054584405271503655
-0.1442199644584945
0.01583089735730825
0.17278232517031533
-0.308294035167882
-0.004394650337925743
0.3682327748742389
-0.19776339951423294
-0.04117792816417287
-0.08134707855903756
0.11319692499552181
0.20697866135755927
0.18610169284799616
-0.39291620184262044
0.06015759359882766
-0.14230901435686105
-0.09348926546067782
0.02260084101230886
0.1422543170983559
0.08932894651689649
0.2107120684116528
-0.30191757670851027
0.009785912348617032
-0.11670021535746145
0.3033125486375279
-0.07267073618452802
-0.11562646488471229
-0.14035008981315666
0.13097837554861202
-0.10319260546756004
0.2415215699893114
-0.33292626021452243
0.3437453454264361
-0.08872173239445091
0.11216294617498601
0.18603373241644938
-0.3060023851206961
0.03709401596128714
0.03818335551892993
-0.1015318399558427
0.03797587608348829
-0.0433957782979415
0.040772658463785305
0.2054829237206306
-0.08266262896323973
-0.09988960392880131
-0.33177469714513785
0.2885863858433426
0.4346594590117987
-0.16824532439731854
-0.38668437275626344
0.1279516029416179
0.09520496888329966
-0.14297250764409775
0.14408126111182273
0.03957152590594637
0.09242810626310272
-0.14833934665000958
0.0014322472677275044
-0.046134592335440594
0.21289155489851952
-0.10587611431759836
0.13721727151947727
-0.2015249338813847
-0.11249173931530665
0.14146720957153835
0.015255072169282347
0.17835653607692992
-0.2129394980654591
-0.08195957169633372
-0.2721995269826243
0.3425632896229045
-0.029047876510958304
0.024957000300597443
0.163509926733306
0.02710822991842221
-0.20098027664573115
-0.07520859444427463
0.09849459678846362
-0.04983904790009763
0.2030074514450666
-0.055465693501903335
-0.028741789570336795
-0.004357403067390742
0.058506556412032396
-0.1796674970416383
0.10582114709169721
0.11460135661469506
0.2871339385373819
-0.4388482268345708
-0.2017266616447304
0.44305373046164265
-0.18466833680691108
-0.29191932344185245
0.16969692152517935
0.19230469406571782
-0.022950347347963973
-0.27000719997676903
0.45961489958633894
-0.13951829121588943
-0.04122849638721515
0.1358822369445054
-0.07676091412638009
0.08343051816816605
-0.39305826409062306
-0.08194738715061556
0.2840423786788797
-0.03495686195746517
0.4651574102577527
-0.5340881442619008
0.12941050619976213
0.12604695506802788
-0.3459844408458883
0.3250445907287025
-0.0686564971114576
-0.21473959148750588
0.4646039506390869
-0.24647800449079238
0.2004821487160271
-0.38919187922824383
0.21314672941110802
-0.001453607251171718
-0.22580214749187277
0.02104343248874807
0.11065845640182026
0.010418007834410936
0.33449188258294216
-0.4877299502191339
0.11866935056918537
0.06355948030868719
-0.11439490625911475
0.30064544751147837
-0.10893304004921545
0.026187853894778623
-0.130211280471332
-0.08465810953190323
0.19680781988566798
0.03202094484695506
-0.4659727744608966
0.24049424139325426
-0.13070902013405794
0.5324608837812401
0.1312355176791078
-0.4836756599302925
-0.08816777178091151
0.34844411620631366
-0.30189185064594204
0.02137359732734012
0.11494872983989834
0.1191362755508516
-0.15454743286409744
-0.20208925718293758
0.37612187762983273
-0.01700329161058889
-0.15324900860768098
-0.1749481630857752
-0.01370654273123506
0.41935625066523574
-0.23640354206987801
0.01497517603702958
0.130001162103222
-0.21504938027025844
0.4102826208730539
-0.3045047679818804
0.020038508082236728
0.09266692149922617
-0.10446458055176278
0.15252859683515707
-0.18212071455746948
0.08784671272808797
-0.08038095018078728
0.2521664718180334
-0.21711920659692518
0.19647222041089707
-0.3946779049851288
0.34925796224422223
0.26831706308202463
-0.5500571615119645
0.2573901899261051
-0.39194061873690167
0.5151106845939202
-0.3239764146143824
0.027035072548995842
0.0849667881180709
0.15763963940760428
0.1809960776998336
-0.34643404844194103
-0.05867856512914571
0.13844850839624145
0.030190630688383457
-0.1271081432324772
0.006282463208852729
-0.0056776417593509265
0.06554194220094578
0.060730853789603856
-0.10200387206656858
0.0680532793323736
0.001893097489610085
0.06172325147090252
-0.05335451212841136
0.23088515049881408
-0.2438484549839215
-0.05980496067099894
-0.19938680169228373
0.350722857590974
-0.027140843313389063
-0.04011049314370574
-0.24327892119021133
0.12927100550117077
0.28672144702962177
-0.15254640659014473
-0.17105043086988259
0.1793747204940872
-0.006549481602710294
-0.18019226349013984
0.2865291313692957
0.07736385902854614
-0.15537667654806953
-0.1832961437046805
-0.026429197649394
0.29742658921878196
-0.0803007664266957
-0.024533871711868827
0.15158028302657822
-0.2687143827941614
0.24352014408842448
0.25384337992741735
-0.4278861038056272
-0.0018691218390722852
0.04290786648685074
-0.18169595320034704
0.08589642441325607
-0.14954460266413383
0.10039509444784933
0.1738731716771924
-0.11804174656606925
0.2825840377152202
-0.34750436322362965
0.22207580512807557
-0.09785350198575227
-0.03186867569010765
0.012122484165481673
0.11763747991291407
-0.1562274899411209
0.001625112947704288
-0.05625531893079838
0.1969300018795792
-0.1130991546934732
-0.10189679849549416
-0.017634292946774988
0.3279864369115879
-0.1425565113664451
-0.1252240505061173
0.054884729488463346
0.20191869596722167
-0.18748374197479212
0.018551077760026402
-0.03352630054515959
-0.06681261257250437
0.008362039419893108
-0.05652575513698954
0.32748182739728504
-0.14482184904110706
-0.12279772140215117
0.2240501180469887
-0.23062672378308902
0.05613491096619638
0.149048441865701
-0.15602278430475724
0.16442004422882928
0.07520239183749933
0.03683765434270203
-0.3363649195699505
0.5441530623483128
-0.4899689783406638
-0.21291721923539075
0.24346752182603204
-0.12689121400858472
0.03462843118660475
0.13625576154615215
0.23238242803773712
-0.04410548567101635
-0.16829222174860892
-0.12274314485883453
-0.04061936302932434
0.06412356840387679
0.025127155600054962
0.3078102958329243
-0.2202765027797664
0.11458568865164942
-0.055809422082558235
-0.14058407573948628
0.1163843850071844
-0.09351002098048689
0.22906767379183002
-0.23461458807030589
0.06856817124089876
-0.02393372187124676
0.17409154116458758
-0.23489257957161858
-0.09857691016031334
0.3293883454909454
0.28288021338893987
-0.6595978060841245
0.13565894861088168
0.000376066613986481
0.29970664094317456
0.05259623012532
-0.10879283034810783
0.04189341893924681
0.0019326696070152138
0.17352815905871477
-0.3267857674582686
-0.08328014518223359
0.2374035431638637
-0.060152341780931096
-0.07941539158417044
0.22070572560545898
-0.10473304180102261
-0.18531602660989144
0.045810942743056415
0.02678913395533211
0.1615684651161846
0.014424677601662772
-0.2954051265447344
0.3265201636841244
-0.34281292820786824
0.3419280315159723
-0.36754013877083036
0.07982225120935293
0.2744901650485092
-0.30777776253277356
0.032273230514535456
0.18010820994613397
-0.026003513128975086
0.11217911132662639
-0.24047551869278116
0.00708785693051972
-0.11736717826581078
0.25400175634761357
-0.04325226871787091
0.17100042034905538
-0.11220686828800375
0.02312142734364464
-0.18653663123904174
0.09602062449093118
-0.0710658454861468
-0.002467027635576713
0.01574882421823176
0.12871086175351465
0.2580278872001269
-0.1697446155717639
-0.2634904668255622
0.09710729062342427
-0.010229636001329645
-0.030745726049132394
0.06692708255728519
-0.08627933292740231
0.0858210403859756
-0.16693413108651356
0.13213688885304364
0.132266155548602
0.06406732978197116
0.00761621115353428
0.048290606841920436
-0.2820037860385911
-0.08046081837154606
0.22884423986198144
0.035018362655985236
-0.25402332288124807
0.24188606941701707
-0.22818902830428467
0.2945633823727345
-0.12273471281956994
-0.1382373895361635
0.032710310824115574
0.16259586165154083
0.09256361503329646
0.06679614843873338
-0.2995796666175492
0.2375141579638873
-0.09369381977399005
-0.1416388444618253
0.13746755051161408
-0.21716240517846508
0.22087483797106078
-0.0423399099466808
0.3097833259682732
-0.6082796273194946
0.16447534564105482
0.2559583676989803
-0.07419043984827756
-0.06485997417802736
-0.000264731461129486
0.002447207213599256
-0.10736855884661889
0.17474663525055423
-0.18703091449839437
0.3070270763208711
-0.21675717809112882
-0.05451437937408077
-0.01688802026620362
0.3075327677047346
-0.22138664833096744
-0.009308102005188168
0.23661369060575765
-0.29084290657720846
-0.1379997425450803
0.16149064440151673
0.2703087867599061
-0.05672783675746462
-0.36577998166243564
0.31178275812203093
-0.08281167508349263
-0.05560810041733166
0.23877476122566943
-0.38747612212658566
0.26724837621830755
-0.38181971232518785
0.6089423551099968
-0.2770948586666524
-0.01971561832844415
0.12310286865413023
-0.11961695784796245
0.17294570034063206
0.089964702272888
-0.3811518860078058
0.12216946041520238
0.21808151783829022
-0.34058772882098864
0.25347677990093676
0.07304245442844337
-0.14198384726948277
-0.1173923666341965
0.09690676577141044
0.2946943752234681
-0.43570123131879157
0.17677643678609734
-0.30132423179657586
0.352089929000897
-0.027621214315145082
-0.017840457234796325
0.15379813688153288
-0.12028267350707722
-0.19478806215291833
0.3377915225583594
0.020490856995853513
0.08187026323271862
-0.15364172221796935
-0.04227904494421075
0.2425342278166518
-0.2051462646629174
-0.03297138754725548
0.0770957999553703
0.08557611428205725
-0.3612802074831656
-0.004167567994811883
0.14226597938828256
-0.17542714960694372
0.027977318422453656
0.00940869097453767
0.30020292432616014
-0.3188241860996994
0.1757666272313383
-0.011940161674691474
0.0943445130590419
-0.1960415657441148
0.006051480503002971
-0.012860895063576017
0.34547165579163774
-0.1523292736759645
-0.06873255366174291
0.13621163052197538
0.03561071284604456
-0.17008913326892205
0.1732015836996572
-0.10215799276005022
-0.1640852367065806
-0.01799217941212561
0.06188555554130826
0.3118564608436296
-0.35156836136579095
0.036757350037529335
-0.04954067434934295
0.21996257028207644
-0.084152843340779
-0.02131122613330305
0.0011102710642765246
0.08893709293542251
-0.1316265871127298
0.26859127352567036
-0.13530729613830594
-0.09163017721761779
0.08244795230757251
-0.20078648805453803
0.12961957189912177
0.2581833806885694
-0.26755772953329515
0.027150672218486882
-0.09660882179505936
0.13542752974143824
-0.1150567964461553
0.012184572804764926
-0.0747122392222277
0.2157988978635581
0.13414413618481813
0.0005040040508292876
-0.2916628570492099
0.10593718679644581
0.09217297226400856
-0.1539805492266968
-0.10945937581086884
0.15151529641968153
0.24853168640978573
-0.0425903421487801
-0.06651133693235156
-0.18454037549861724
0.17224686714929138
-0.16614368816645708
-0.1381016335748937
0.17829377045696848
0.17693377128666388
-0.19796109188515487
0.20369250065237576
-0.2995726287487894
0.12844000261842226
-0.040196382355687454
0.03690214334526676
0.26942748608719747
-0.21461874554951965
0.0038588070220448856
0.10388522175064185
0.006969149959158649
-0.32192170319733826
0.5737217467570019
-0.19183836019368616
-0.0631179081236457
-0.1008923077543491
0.05893804364331867
-0.19209658509820038
0.10803351976959519
0.06904323332046935
-0.06070531713504668
-0.023863979394523227
0.09368346303967012
-0.38553734680220764
0.5961623376612293
-0.2880296296879479
-0.15547461010667707
0.13270652787378
0.31368366133092174
0.010214660699088718
-0.09156801476778931
-0.0772882780701325
-0.04669418575760087
0.004791409896892418
-0.12013230484357162
0.33185617419957314
-0.34274247372834665
0.3079633769628298
-0.10481732399371069
-0.23896982281377355
0.1865255762490925
0.19981944691770437
-0.28304522893738326
0.040130857268716014
-0.18874620081528626
-0.028263350894454753
0.2664434131077158
-0.10147245277752415
0.23907453069364415
-0.16788211138608755
0.007891762238229738
-0.20478435459765265
0.4332370398935055
-0.20705569349404573
0.16900450296422775
-0.34572147453676116
-0.1694447699847288
0.39185559438181095
-0.025360734391201234
-0.21881612619224278
0.05204366666765381
0.11566190513072261
0.09529528478108595
-0.08489166652432178
0.11521725232709112
-0.29871859201917683
0.34546275724792963
-0.24581567915889035
0.16095172253973455
-0.1255452881738277
0.025755960233989406
0.08414130621677263
-0.12467906315212574
0.0806338484896223
-0.16952089444847473
0.24167790384598664
-0.05674703197311182
-0.04730447879924782
0.19061536211757435
-0.09476953856163384
0.032628875763351495
0.13424129963444997
-0.2232056620691658
0.11043330969648313
0.03265196427710482
-0.1904000328752602
0.10352608315640133
-0.3262254476269817
0.37747703729292326
-0.11694491615553826
0.20742647968557026
-0.24409745643057157
0.14694880776262487
-0.032516719563722596
-0.20756594372470438
0.1614349973990512
-0.1574784952222199
0.029969898533417805
0.11219711961191248
0.2453242306426766
0.17086589359743698
-0.37287714556940266
-0.045928548640068456
0.3948602985994265
-0.307466287053213
0.09826115758007692
-0.034360648962215024
-0.1749955494770994
0.1454883945141754
-0.006609512691635011
0.04148863259430602
-0.08074568202480226
0.04890305933852712
-0.31044994395782766
0.37906144303471834
-0.2226419807586506
-0.08443968613575237
-0.03126155791800134
0.037840242011758285
0.012167053795780092
0.2470732049501887
-0.15472222485417397
-0.04407301906192007
-0.05667157514332377
0.13476552342540415
-0.07038542555021454
0.25622650082843723
-0.20194583309515668
0.1443160281310405
0.027446982098383366
0.009442917970900133
-0.23880103625421345
0.19509645366431982
-0.012799885251273402
-0.001442625912498663
0.016025228828906002
0.019550271233875094
0.00018509671377131554
-0.4167849706340192
0.44497925420537676
-0.1612924904426558
0.2590232755741324
-0.42116765374062215
0.4216582376917115
0.13932144830859272
-0.169090331713317
-0.4220189084626247
0.33969746281669444
-0.23818413377942704
0.21287123840210942
0.01455915642198935
0.1281224054213599
-0.12798895530732857
0.12400455471358107
0.006987282286424978
-0.18180469811661837
0.008214875213178097
-0.23823208506469218
-0.08756410048876795
0.24310235268770164
0.11527975649871625
-0.10696175723593893
0.3835764214711537
-0.15762491372800547
-0.3419320901252849
0.23043305859305363
0.022603856138508682
0.017530032869089496
0.14722706517893513
-0.1763785661145949
-0.04517138752752192
0.1242962031816166
-0.12735390400529933
-0.029306861155494524
-0.2211199859994606
0.21148014192723874
-0.08550036957963325
0.19326552403080033
-0.13001257359240537
0.13871906319457494
-4.393250403289528e-05
-0.17083562031452626
0.17240186562644588
-0.003078264144551923
0.026925813215640026
-0.08831971346313416
0.17514242359352394
-0.23911576364801768
0.12821822342811373
-0.056737880740226565
0.01463717752376592
0.015385289479249664
0.08831420762137565
0.1563235523343156
-0.4068216085582579
0.24742961335986013
-0.013022934143977594
-0.04570507305239069
-0.03749671357533657
0.07200196576226059
-0.02402768154676327
0.02367758086423244
0.2304785231881752
-0.39040879459568245
0.11499845719196866
-0.13999923835994288
0.3163206460480179
-0.20299799472266855
0.1972773251653166
-0.12416016414631059
-0.17900225918276647
0.06272273293594832
-0.1882694783468093
0.3086472811605283
-0.051886030525417404
-0.060060810874542625
-0.10765069104652891
0.10215069796257126
-0.10951855370729469
0.4137485646806267
0.04898645427499737
-0.22685956543473473
0.22648822777821298
-0.14492897590127019
-0.03413165661442097
-0.11127597641740117
0.04719367981019751
0.016330261414581493
-0.0940221507828154
0.1227108495904643
-0.2120057263375683
0.22440908656475855
-0.03532476957695785
0.10767803125230024
-0.19105196540822433
0.14051433754279952
-0.12254827674458113
0.20369981104319557
-0.2965229889245684
0.15190506148601557
-0.07785452674278304
0.26472722780073177
-0.10901049462164991
-0.09119272214762564
0.07577598251467776
0.04020872211550586
0.10923751659463221
-0.3015162773813067
0.04683764177563976
-0.012217736551557223
0.03931472338812014
-0.015063375877915064
-0.08606181627440002
0.14589865789301903
-0.03931968472541403
0.2721057157559148
-0.4412576229718237
0.04949103058602855
0.19646802883373748
-0.019934808949283678
0.12760127265199106
-0.055742072491223205
0.06397810030615236
-0.2048090517796508
0.2240240821479258
-0.014372853647219408
-0.47798812681378067
0.49142217111100805
-0.09213173457981849
0.051637792558826945
0.08905492669507531
0.09363155758445707
-0.2555047320854742
0.13201408722990227
-0.0762945773905308
-0.10106797864264205
0.13246969819441112
-0.23971649860843414
0.20495198318121677
-0.05207193641543828
-0.19299737301032316
0.007428869119045167
0.20734472568664852
0.07462283979337236
-0.1469010969972837
0.251884902648305
-0.1917177298078112
0.20904343975933326
0.1514653691944412
-0.4408338018154474
0.05236917798861107
0.13043501229329113
-0.37951213455399735
0.3176467030470125
-0.31528338503762665
0.2621493050354706
